CN101010100, 北京
CN101010200, 海淀
CN101010300, 朝阳
CN101010400, 顺义
CN101010500, 怀柔
CN101010600, 通州
CN101010700, 昌平
CN101010800, 延庆
CN101010900, 丰台
CN101011000, 石景山
CN101011100, 大兴
CN101011200, 房山
CN101011300, 密云
CN101011400, 门头沟
CN101011500, 平谷
CN101011600, 东城
CN101011700, 西城
CN101020100, 上海
CN101020200, 闵行
CN101020300, 宝山
CN101020400, 黄浦
CN101020500, 嘉定
CN101020600, 浦东新区
CN101020700, 金山
CN101020800, 青浦
CN101020900, 松江
CN101021000, 奉贤
CN101021100, 崇明
CN101021200, 徐汇
CN101021300, 长宁
CN101021400, 静安
CN101021500, 普陀
CN101021600, 虹口
CN101021700, 杨浦
CN101030100, 天津
CN101030200, 武清
CN101030300, 宝坻
CN101030400, 东丽
CN101030500, 西青
CN101030600, 北辰
CN101030700, 宁河
CN101030800, 和平
CN101030900, 静海
CN101031000, 津南
CN101031100, 滨海新区
CN101031200, 河东
CN101031300, 河西
CN101031400, 蓟州
CN101031500, 南开
CN101031600, 河北
CN101031700, 红桥
CN101040100, 重庆
CN101040200, 永川
CN101040300, 合川
CN101040400, 南川
CN101040500, 江津
CN101040700, 渝北
CN101040800, 北碚
CN101040900, 巴南
CN101041000, 长寿
CN101041100, 黔江
CN101041200, 渝中
CN101041300, 万州
CN101041400, 涪陵
CN101041500, 开县
CN101041600, 城口
CN101041700, 云阳
CN101041800, 巫溪
CN101041900, 奉节
CN101042000, 巫山
CN101042100, 潼南
CN101042200, 垫江
CN101042300, 梁平
CN101042400, 忠县
CN101042500, 石柱
CN101042600, 大足
CN101042700, 荣昌
CN101042800, 铜梁
CN101042900, 璧山
CN101043000, 丰都
CN101043100, 武隆
CN101043200, 彭水
CN101043300, 綦江
CN101043400, 酉阳
CN101043500, 大渡口
CN101043600, 秀山
CN101043700, 江北
CN101043800, 沙坪坝
CN101043900, 九龙坡
CN101044000, 南岸
CN101044100, 开州
CN101050101, 哈尔滨
CN101050102, 双城
CN101050103, 呼兰
CN101050104, 阿城
CN101050105, 宾县
CN101050106, 依兰
CN101050107, 巴彦
CN101050108, 通河
CN101050109, 方正
CN101050110, 延寿
CN101050111, 尚志
CN101050112, 五常
CN101050113, 木兰
CN101050114, 道里
CN101050115, 南岗
CN101050116, 道外
CN101050117, 平房
CN101050118, 松北
CN101050119, 香坊
CN101050201, 齐齐哈尔
CN101050202, 讷河
CN101050203, 龙江
CN101050204, 甘南
CN101050205, 富裕
CN101050206, 依安
CN101050207, 拜泉
CN101050208, 克山
CN101050209, 克东
CN101050210, 泰来
CN101050211, 龙沙
CN101050212, 建华
CN101050213, 铁锋
CN101050214, 昂昂溪
CN101050215, 富拉尔基
CN101050216, 碾子山
CN101050217, 梅里斯
CN101050301, 牡丹江
CN101050302, 海林
CN101050303, 穆棱
CN101050304, 林口
CN101050305, 绥芬河
CN101050306, 宁安
CN101050307, 东宁
CN101050308, 东安
CN101050309, 阳明
CN101050310, 爱民
CN101050311, 西安
CN101050401, 佳木斯
CN101050402, 汤原
CN101050403, 抚远
CN101050404, 桦川
CN101050405, 桦南
CN101050406, 同江
CN101050407, 富锦
CN101050408, 向阳
CN101050409, 前进
CN101050410, 东风
CN101050411, 郊区
CN101050501, 绥化
CN101050502, 肇东
CN101050503, 安达
CN101050504, 海伦
CN101050505, 明水
CN101050506, 望奎
CN101050507, 兰西
CN101050508, 青冈
CN101050509, 庆安
CN101050510, 绥棱
CN101050511, 北林
CN101050601, 黑河
CN101050602, 嫩江
CN101050603, 孙吴
CN101050604, 逊克
CN101050605, 五大连池
CN101050606, 北安
CN101050607, 爱辉
CN101050701, 大兴安岭
CN101050702, 塔河
CN101050703, 漠河
CN101050704, 呼玛
CN101050705, 呼中
CN101050706, 新林
CN101050708, 加格达奇
CN101050801, 伊春
CN101050802, 乌伊岭
CN101050803, 五营
CN101050804, 铁力
CN101050805, 嘉荫
CN101050806, 南岔
CN101050807, 友好
CN101050808, 西林
CN101050809, 翠峦
CN101050810, 新青
CN101050811, 美溪
CN101050812, 金山屯
CN101050813, 乌马河
CN101050814, 汤旺
CN101050815, 带岭
CN101050816, 红星
CN101050817, 上甘岭
CN101050901, 大庆
CN101050902, 林甸
CN101050903, 肇州
CN101050904, 肇源
CN101050905, 杜尔伯特
CN101050906, 萨尔图
CN101050907, 龙凤
CN101050908, 让胡路
CN101050909, 红岗
CN101050910, 大同
CN101051001, 新兴
CN101051002, 七台河
CN101051003, 勃利
CN101051004, 桃山
CN101051005, 茄子河
CN101051101, 鸡西
CN101051102, 虎林
CN101051103, 密山
CN101051104, 鸡东
CN101051105, 鸡冠
CN101051106, 恒山
CN101051107, 滴道
CN101051108, 梨树
CN101051109, 城子河
CN101051110, 麻山
CN101051201, 鹤岗
CN101051202, 绥滨
CN101051203, 萝北
CN101051204, 向阳
CN101051205, 工农
CN101051206, 南山
CN101051207, 兴安
CN101051208, 东山
CN101051209, 兴山
CN101051301, 双鸭山
CN101051302, 集贤
CN101051303, 宝清
CN101051304, 饶河
CN101051305, 友谊
CN101051306, 尖山
CN101051307, 岭东
CN101051308, 四方台
CN101051309, 宝山
CN101060101, 长春
CN101060102, 农安
CN101060103, 德惠
CN101060104, 九台
CN101060105, 榆树
CN101060106, 双阳
CN101060107, 二道
CN101060108, 南关
CN101060109, 宽城
CN101060110, 朝阳
CN101060111, 绿园
CN101060201, 吉林
CN101060202, 舒兰
CN101060203, 永吉
CN101060204, 蛟河
CN101060205, 磐石
CN101060206, 桦甸
CN101060207, 昌邑
CN101060208, 龙潭
CN101060209, 船营
CN101060210, 丰满
CN101060301, 延吉
CN101060302, 敦化
CN101060303, 安图
CN101060304, 汪清
CN101060305, 和龙
CN101060306, 延边
CN101060307, 龙井
CN101060308, 珲春
CN101060309, 图们
CN101060401, 四平
CN101060402, 双辽
CN101060403, 梨树
CN101060404, 公主岭
CN101060405, 伊通
CN101060406, 铁西
CN101060407, 铁东
CN101060501, 通化
CN101060502, 梅河口
CN101060503, 柳河
CN101060504, 辉南
CN101060505, 集安
CN101060506, 通化县
CN101060507, 东昌
CN101060508, 二道江
CN101060601, 白城
CN101060602, 洮南
CN101060603, 大安
CN101060604, 镇赉
CN101060605, 通榆
CN101060606, 洮北
CN101060701, 辽源
CN101060702, 东丰
CN101060703, 东辽
CN101060704, 龙山
CN101060705, 西安
CN101060801, 松原
CN101060802, 乾安
CN101060803, 前郭
CN101060804, 长岭
CN101060805, 扶余
CN101060806, 宁江
CN101060901, 白山
CN101060902, 靖宇
CN101060903, 临江
CN101060905, 长白
CN101060906, 抚松
CN101060907, 江源
CN101060908, 浑江
CN101070101, 沈阳
CN101070102, 浑南
CN101070103, 辽中
CN101070104, 康平
CN101070105, 法库
CN101070106, 新民
CN101070107, 和平
CN101070108, 沈河
CN101070109, 大东
CN101070110, 皇姑
CN101070111, 铁西
CN101070112, 苏家屯
CN101070113, 沈北新区
CN101070114, 于洪
CN101070115, 东陵
CN101070201, 大连
CN101070202, 瓦房店
CN101070203, 金州
CN101070204, 普兰店
CN101070205, 旅顺
CN101070206, 长海
CN101070207, 庄河
CN101070208, 中山
CN101070209, 西岗
CN101070210, 沙河口
CN101070211, 甘井子
CN101070301, 鞍山
CN101070302, 台安
CN101070303, 岫岩
CN101070304, 海城
CN101070305, 铁东
CN101070306, 铁西
CN101070307, 立山
CN101070308, 千山
CN101070401, 抚顺
CN101070402, 新宾
CN101070403, 清原
CN101070405, 新抚
CN101070406, 东洲
CN101070407, 望花
CN101070408, 顺城
CN101070501, 本溪
CN101070502, 本溪县
CN101070503, 平山
CN101070504, 桓仁
CN101070505, 溪湖
CN101070506, 明山
CN101070507, 南芬
CN101070601, 丹东
CN101070602, 凤城
CN101070603, 宽甸
CN101070604, 东港
CN101070605, 元宝
CN101070606, 振兴
CN101070607, 振安
CN101070701, 锦州
CN101070702, 凌海
CN101070703, 古塔
CN101070704, 义县
CN101070705, 黑山
CN101070706, 北镇
CN101070707, 凌河
CN101070708, 太和
CN101070801, 营口
CN101070802, 大石桥
CN101070803, 盖州
CN101070804, 站前
CN101070805, 西市
CN101070806, 鲅鱼圈
CN101070807, 老边
CN101070901, 阜新
CN101070902, 彰武
CN101070903, 海州
CN101070904, 新邱
CN101070905, 太平
CN101070906, 清河门
CN101070907, 细河
CN101071001, 辽阳
CN101071002, 辽阳县
CN101071003, 灯塔
CN101071004, 弓长岭
CN101071005, 白塔
CN101071006, 文圣
CN101071007, 宏伟
CN101071008, 太子河
CN101071101, 铁岭
CN101071102, 开原
CN101071103, 昌图
CN101071104, 西丰
CN101071105, 调兵山
CN101071106, 银州
CN101071107, 清河
CN101071201, 朝阳
CN101071202, 双塔
CN101071203, 凌源
CN101071204, 喀左
CN101071205, 北票
CN101071206, 龙城
CN101071207, 建平县
CN101071301, 盘锦
CN101071302, 大洼
CN101071303, 盘山
CN101071304, 双台子
CN101071305, 兴隆台
CN101071401, 葫芦岛
CN101071402, 建昌
CN101071403, 绥中
CN101071404, 兴城
CN101071405, 连山
CN101071406, 龙港
CN101071407, 南票
CN101080101, 呼和浩特
CN101080102, 土左旗
CN101080103, 托县
CN101080104, 和林
CN101080105, 清水河
CN101080106, 赛罕
CN101080107, 武川
CN101080108, 新城
CN101080109, 回民
CN101080110, 玉泉
CN101080201, 包头
CN101080202, 白云鄂博
CN101080204, 土右旗
CN101080205, 固阳
CN101080206, 达茂旗
CN101080208, 东河
CN101080209, 昆都仑
CN101080210, 青山
CN101080211, 石拐
CN101080212, 九原
CN101080301, 乌海
CN101080302, 海勃湾
CN101080303, 海南
CN101080304, 乌达
CN101080401, 集宁
CN101080402, 卓资
CN101080403, 化德
CN101080404, 商都
CN101080405, 乌兰察布
CN101080406, 兴和
CN101080407, 凉城
CN101080408, 察右前旗
CN101080409, 察右中旗
CN101080410, 察右后旗
CN101080411, 四子王旗
CN101080412, 丰镇
INSERT INTO `city` `id`, `cityZh`
CN101080501, 通辽
CN101080503, 科左中旗
CN101080504, 科左后旗
CN101080506, 开鲁
CN101080507, 库伦
CN101080508, 奈曼
CN101080509, 扎鲁特
CN101080510, 科尔沁
CN101080512, 霍林郭勒
CN101080601, 赤峰
CN101080602, 红山
CN101080603, 阿鲁旗
CN101080605, 巴林左旗
CN101080606, 巴林右旗
CN101080607, 林西
CN101080608, 克什克腾
CN101080609, 翁牛特
CN101080611, 喀喇沁
CN101080613, 宁城
CN101080614, 敖汉
CN101080616, 元宝山
CN101080617, 松山
CN101080701, 鄂尔多斯
CN101080703, 达拉特
CN101080704, 准格尔
CN101080705, 鄂前旗
CN101080708, 鄂托克
CN101080709, 杭锦旗
CN101080710, 乌审旗
CN101080711, 伊金霍洛
CN101080713, 东胜
CN101080714, 康巴什
CN101080801, 临河
CN101080802, 五原
CN101080803, 磴口
CN101080804, 乌前旗
CN101080806, 乌中旗
CN101080807, 乌后旗
CN101080810, 杭锦后旗
CN101080811, 巴彦淖尔
CN101080901, 锡林浩特
CN101080902, 锡林郭勒
CN101080903, 二连浩特
CN101080904, 阿巴嘎
CN101080906, 苏左旗
CN101080907, 苏右旗
CN101080909, 东乌旗
CN101080910, 西乌旗
CN101080911, 太仆寺
CN101080912, 镶黄旗
CN101080913, 正镶白旗
CN101080914, 正蓝旗
CN101080915, 多伦
CN101081001, 海拉尔
CN101081002, 小二沟
CN101081003, 阿荣旗
CN101081004, 莫力达瓦
CN101081005, 鄂伦春旗
CN101081006, 鄂温克旗
CN101081007, 陈旗
CN101081008, 新左旗
CN101081009, 新右旗
CN101081010, 满洲里
CN101081011, 牙克石
CN101081012, 扎兰屯
CN101081013, 呼伦贝尔
CN101081014, 额尔古纳
CN101081015, 根河
CN101081016, 图里河
CN101081017, 扎赉诺尔
CN101081101, 乌兰浩特
CN101081102, 阿尔山
CN101081103, 科右中旗
CN101081105, 扎赉特
CN101081107, 突泉
CN101081108, 兴安盟
CN101081109, 科右前旗
CN101081201, 阿左旗
CN101081202, 阿右旗
CN101081203, 额济纳
CN101081213, 阿拉善盟
CN101090101, 石家庄
CN101090102, 井陉
CN101090103, 正定
CN101090104, 栾城
CN101090105, 行唐
CN101090106, 灵寿
CN101090107, 高邑
CN101090108, 深泽
CN101090109, 赞皇
CN101090110, 无极
CN101090111, 平山
CN101090112, 元氏
CN101090113, 赵县
CN101090114, 辛集
CN101090115, 藁城
CN101090116, 晋州
CN101090117, 新乐
CN101090118, 鹿泉
CN101090119, 长安
CN101090120, 桥西
CN101090121, 新华
CN101090122, 井陉矿区
CN101090123, 裕华
CN101090201, 保定
CN101090202, 满城
CN101090203, 阜平
CN101090204, 徐水
CN101090205, 唐县
CN101090206, 高阳
CN101090208, 竞秀
CN101090209, 涞源
CN101090210, 望都
CN101090212, 易县
CN101090213, 莲池
CN101090214, 曲阳
CN101090215, 蠡县
CN101090216, 顺平
CN101090217, 雄县
CN101090218, 涿州
CN101090219, 定州
CN101090220, 安国
CN101090221, 高碑店
CN101090222, 涞水
CN101090223, 定兴
CN101090224, 清苑
CN101090225, 博野
CN101090226, 南市
CN101090301, 张家口
CN101090302, 宣化
CN101090303, 张北
CN101090304, 康保
CN101090305, 沽源
CN101090306, 尚义
CN101090307, 蔚县
CN101090308, 阳原
CN101090309, 怀安
CN101090310, 万全
CN101090311, 怀来
CN101090312, 涿鹿
CN101090313, 赤城
CN101090314, 崇礼
CN101090315, 桥东
CN101090316, 桥西
CN101090317, 下花园
CN101090401, 双桥
CN101090402, 承德
CN101090403, 承德县
CN101090404, 兴隆
CN101090405, 平泉
CN101090406, 滦平
CN101090407, 隆化
CN101090408, 丰宁
CN101090409, 宽城
CN101090410, 围场
CN101090411, 双滦
CN101090412, 鹰手营子矿
CN101090501, 唐山
CN101090502, 丰南
CN101090503, 丰润
CN101090504, 滦县
CN101090505, 滦南
CN101090506, 乐亭
CN101090507, 迁西
CN101090508, 玉田
CN101090509, 曹妃甸
CN101090510, 遵化
CN101090511, 迁安
CN101090513, 路南
CN101090514, 路北
CN101090515, 古冶
CN101090516, 开平
CN101090601, 廊坊
CN101090602, 固安
CN101090603, 永清
CN101090604, 香河
CN101090605, 大城
CN101090606, 文安
CN101090607, 大厂
CN101090608, 霸州
CN101090609, 三河
CN101090610, 安次
CN101090611, 广阳
CN101090701, 沧州
CN101090702, 青县
CN101090703, 东光
CN101090704, 海兴
CN101090705, 盐山
CN101090706, 肃宁
CN101090707, 南皮
CN101090708, 吴桥
CN101090709, 献县
CN101090710, 孟村
CN101090711, 泊头
CN101090712, 任丘
CN101090713, 黄骅
CN101090714, 河间
CN101090715, 新华
CN101090716, 沧县
CN101090717, 运河
CN101090801, 衡水
CN101090802, 枣强
CN101090803, 武邑
CN101090804, 武强
CN101090805, 饶阳
CN101090806, 安平
CN101090807, 故城
CN101090808, 景县
CN101090809, 阜城
CN101090810, 冀州
CN101090811, 深州
CN101090812, 桃城
CN101090901, 邢台
CN101090902, 临城
CN101090903, 桥东
CN101090904, 内丘
CN101090905, 柏乡
CN101090906, 隆尧
CN101090907, 南和
CN101090908, 宁晋
CN101090909, 巨鹿
CN101090910, 新河
CN101090911, 广宗
CN101090912, 平乡
CN101090913, 威县
CN101090914, 清河
CN101090915, 临西
CN101090916, 南宫
CN101090917, 沙河
CN101090918, 任县
CN101090919, 桥西
CN101091001, 邯郸
CN101091002, 峰峰
CN101091003, 临漳
CN101091004, 成安
CN101091005, 大名
CN101091006, 涉县
CN101091007, 磁县
CN101091008, 肥乡
CN101091009, 永年
CN101091010, 邱县
CN101091011, 鸡泽
CN101091012, 广平
CN101091013, 馆陶
CN101091014, 魏县
CN101091015, 曲周
CN101091016, 武安
CN101091017, 邯山
CN101091018, 丛台
CN101091019, 复兴
CN101091101, 秦皇岛
CN101091102, 青龙
CN101091103, 昌黎
CN101091104, 抚宁
CN101091105, 卢龙
CN101091106, 北戴河
CN101091107, 海港
CN101091108, 山海关
CN101091201, 雄安新区
CN101091202, 容城
CN101091203, 安新
CN101091204, 雄县
CN101100101, 太原
CN101100102, 清徐
CN101100103, 阳曲
CN101100104, 娄烦
CN101100105, 古交
CN101100106, 尖草坪区
CN101100107, 小店区
CN101100108, 迎泽
CN101100109, 杏花岭
CN101100110, 万柏林
CN101100111, 晋源
CN101100201, 大同
CN101100202, 阳高
CN101100203, 大同
CN101100204, 天镇
CN101100205, 广灵
CN101100206, 灵丘
CN101100207, 浑源
CN101100208, 左云
CN101100209, 矿区
CN101100210, 南郊
CN101100211, 新荣
CN101100301, 阳泉
CN101100302, 盂县
CN101100303, 平定
CN101100304, 矿区
CN101100305, 郊区
CN101100401, 晋中
CN101100402, 榆次
CN101100403, 榆社
CN101100404, 左权
CN101100405, 和顺
CN101100406, 昔阳
CN101100407, 寿阳
CN101100408, 太谷
CN101100409, 祁县
CN101100410, 平遥
CN101100411, 灵石
CN101100412, 介休
CN101100501, 长治
CN101100502, 黎城
CN101100503, 屯留
CN101100504, 潞城
CN101100505, 襄垣
CN101100506, 平顺
CN101100507, 武乡
CN101100508, 沁县
CN101100509, 长子
CN101100510, 沁源
CN101100511, 壶关
CN101100512, 郊区
CN101100601, 晋城
CN101100602, 沁水
CN101100603, 阳城
CN101100604, 陵川
CN101100605, 高平
CN101100606, 泽州
CN101100701, 临汾
CN101100702, 曲沃
CN101100703, 永和
CN101100704, 隰县
CN101100705, 大宁
CN101100706, 吉县
CN101100707, 襄汾
CN101100708, 蒲县
CN101100709, 汾西
CN101100710, 洪洞
CN101100711, 霍州
CN101100712, 乡宁
CN101100713, 翼城
CN101100714, 侯马
CN101100715, 浮山
CN101100716, 安泽
CN101100717, 古县
CN101100718, 尧都
CN101100801, 运城
CN101100802, 临猗
CN101100803, 稷山
CN101100804, 万荣
CN101100805, 河津
CN101100806, 新绛
CN101100807, 绛县
CN101100808, 闻喜
CN101100809, 垣曲
CN101100810, 永济
CN101100811, 芮城
CN101100812, 夏县
CN101100813, 平陆
CN101100814, 盐湖
CN101100901, 朔州
CN101100902, 平鲁
CN101100903, 山阴
CN101100904, 右玉
CN101100905, 应县
CN101100906, 怀仁
CN101100907, 朔城
CN101101001, 忻州
CN101101002, 定襄
CN101101003, 五台县
CN101101004, 河曲
CN101101005, 偏关
CN101101006, 神池
CN101101007, 宁武
CN101101008, 代县
CN101101009, 繁峙
CN101101011, 保德
CN101101012, 静乐
CN101101013, 岢岚
CN101101014, 五寨
CN101101015, 原平
CN101101016, 忻府
CN101101100, 吕梁
CN101101101, 离石
CN101101102, 临县
CN101101103, 兴县
CN101101104, 岚县
CN101101105, 柳林
CN101101106, 石楼
CN101101107, 方山
CN101101108, 交口
CN101101109, 中阳
CN101101110, 孝义
CN101101111, 汾阳
CN101101112, 文水
CN101101113, 交城
CN101110101, 西安
CN101110102, 长安
CN101110103, 临潼
CN101110104, 蓝田
CN101110105, 周至
CN101110106, 邑
CN101110107, 高陵
CN101110108, 新城
CN101110109, 碑林
CN101110110, 莲湖
CN101110111, 灞桥
CN101110112, 未央
CN101110113, 雁塔
CN101110114, 阎良
CN101110200, 咸阳
CN101110201, 三原
CN101110202, 礼泉
CN101110203, 永寿
CN101110204, 淳化
CN101110205, 泾阳
CN101110206, 武功
CN101110207, 乾县
CN101110208, 彬州
CN101110209, 长武
CN101110210, 旬邑
CN101110211, 兴平
CN101110212, 秦都
CN101110213, 渭城
CN101110300, 延安
CN101110301, 延长
CN101110302, 延川
CN101110303, 子长
CN101110304, 宜川
CN101110305, 富县
CN101110306, 志丹
CN101110307, 安塞
CN101110308, 甘泉
CN101110309, 洛川
CN101110310, 黄陵
CN101110311, 黄龙
CN101110312, 吴起
CN101110313, 宝塔
CN101110401, 榆林
CN101110402, 府谷
CN101110403, 神木
CN101110404, 佳县
CN101110405, 定边
CN101110406, 靖边
CN101110407, 横山
CN101110408, 米脂
CN101110409, 子洲
CN101110410, 绥德
CN101110411, 吴堡
CN101110412, 清涧
CN101110413, 榆阳
CN101110501, 渭南
CN101110502, 华县
CN101110503, 潼关
CN101110504, 大荔
CN101110505, 白水
CN101110506, 富平
CN101110507, 蒲城
CN101110508, 澄城
CN101110509, 合阳
CN101110510, 韩城
CN101110511, 华阴
CN101110512, 临渭
CN101110513, 华州
CN101110601, 商洛
CN101110602, 洛南
CN101110603, 柞水
CN101110604, 商州
CN101110605, 镇安
INSERT INTO `city` `id`, `cityZh`
CN101110606, 丹凤
CN101110607, 商南
CN101110608, 山阳
CN101110701, 安康
CN101110702, 紫阳
CN101110703, 石泉
CN101110704, 汉阴
CN101110705, 旬阳
CN101110706, 岚皋
CN101110707, 平利
CN101110708, 白河
CN101110709, 镇坪
CN101110710, 宁陕
CN101110711, 汉滨
CN101110801, 汉中
CN101110802, 略阳
CN101110803, 勉县
CN101110804, 留坝
CN101110805, 洋县
CN101110806, 城固
CN101110807, 西乡
CN101110808, 佛坪
CN101110809, 宁强
CN101110810, 南郑
CN101110811, 镇巴
CN101110812, 汉台
CN101110901, 宝鸡
CN101110902, 渭滨
CN101110903, 千阳
CN101110904, 麟游
CN101110905, 岐山
CN101110906, 凤翔
CN101110907, 扶风
CN101110908, 眉县
CN101110909, 太白
CN101110910, 凤县
CN101110911, 陇县
CN101110912, 陈仓
CN101110913, 金台
CN101111001, 铜川
CN101111003, 宜君
CN101111004, 耀州
CN101111005, 王益
CN101111006, 印台
CN101111101, 杨凌
CN101111102, 杨陵
CN101120101, 济南
CN101120102, 长清
CN101120103, 商河
CN101120104, 章丘
CN101120105, 平阴
CN101120106, 济阳
CN101120107, 历下
CN101120108, 市中
CN101120109, 槐荫
CN101120110, 天桥
CN101120111, 历城
CN101120201, 青岛
CN101120202, 崂山
CN101120203, 市南
CN101120204, 即墨
CN101120205, 胶州
CN101120206, 黄岛
CN101120207, 莱西
CN101120208, 平度
CN101120209, 市北
CN101120210, 李沧
CN101120211, 城阳
CN101120301, 淄博
CN101120302, 淄川
CN101120303, 博山
CN101120304, 高青
CN101120305, 周村
CN101120306, 沂源
CN101120307, 桓台
CN101120308, 临淄
CN101120309, 张店
CN101120401, 德州
CN101120402, 武城
CN101120403, 临邑
CN101120405, 齐河
CN101120406, 乐陵
CN101120407, 庆云
CN101120408, 平原
CN101120409, 宁津
CN101120410, 夏津
CN101120411, 禹城
CN101120412, 德城
CN101120413, 陵城
CN101120501, 烟台
CN101120502, 莱州
CN101120503, 长岛
CN101120504, 蓬莱
CN101120505, 龙口
CN101120506, 招远
CN101120507, 栖霞
CN101120508, 福山
CN101120509, 牟平
CN101120510, 莱阳
CN101120511, 海阳
CN101120512, 芝罘
CN101120513, 莱山
CN101120601, 潍坊
CN101120602, 青州
CN101120603, 寿光
CN101120604, 临朐
CN101120605, 昌乐
CN101120606, 昌邑
CN101120607, 安丘
CN101120608, 高密
CN101120609, 诸城
CN101120610, 潍城
CN101120611, 寒亭
CN101120612, 坊子
CN101120613, 奎文
CN101120701, 济宁
CN101120702, 嘉祥
CN101120703, 微山
CN101120704, 鱼台
CN101120705, 兖州
CN101120706, 金乡
CN101120707, 汶上
CN101120708, 泗水
CN101120709, 梁山
CN101120710, 曲阜
CN101120711, 邹城
CN101120712, 任城
CN101120801, 泰安
CN101120802, 新泰
CN101120803, 泰山
CN101120804, 肥城
CN101120805, 东平
CN101120806, 宁阳
CN101120807, 岱岳
CN101120901, 临沂
CN101120902, 莒南
CN101120903, 沂南
CN101120904, 兰陵
CN101120905, 临沭
CN101120906, 郯城
CN101120907, 蒙阴
CN101120908, 平邑
CN101120909, 费县
CN101120910, 沂水
CN101120911, 兰山
CN101120912, 罗庄
CN101120913, 河东
CN101121001, 菏泽
CN101121002, 鄄城
CN101121003, 郓城
CN101121004, 东明
CN101121005, 定陶
CN101121006, 巨野
CN101121007, 曹县
CN101121008, 成武
CN101121009, 单县
CN101121010, 牡丹
CN101121101, 滨州
CN101121102, 博兴
CN101121103, 无棣
CN101121104, 阳信
CN101121105, 惠民
CN101121106, 沾化
CN101121107, 邹平
CN101121108, 滨城
CN101121201, 东营
CN101121202, 河口
CN101121203, 垦利
CN101121204, 利津
CN101121205, 广饶
CN101121301, 威海
CN101121302, 文登
CN101121303, 荣成
CN101121304, 乳山
CN101121305, 成山头
CN101121306, 石岛
CN101121307, 环翠
CN101121401, 枣庄
CN101121402, 薛城
CN101121403, 峄城
CN101121404, 台儿庄
CN101121405, 滕州
CN101121406, 市中
CN101121407, 山亭
CN101121501, 日照
CN101121502, 五莲
CN101121503, 莒县
CN101121504, 东港
CN101121505, 岚山
CN101121601, 莱芜
CN101121602, 莱城
CN101121603, 钢城
CN101121701, 聊城
CN101121702, 冠县
CN101121703, 阳谷
CN101121704, 高唐
CN101121705, 茌平
CN101121706, 东阿
CN101121707, 临清
CN101121708, 东昌府
CN101121709, 莘县
CN101130101, 乌鲁木齐
CN101130102, 天山
CN101130104, 沙依巴克
CN101130105, 达坂城
CN101130106, 新市
CN101130107, 水磨沟
CN101130111, 头屯河
CN101130112, 米东
CN101130113, 乌鲁木齐县
CN101130201, 克拉玛依
CN101130202, 乌尔禾
CN101130203, 白碱滩
CN101130204, 独山子
CN101130301, 石河子
CN101130401, 昌吉
CN101130402, 呼图壁
CN101130404, 阜康
CN101130405, 吉木萨尔
CN101130406, 奇台
CN101130407, 玛纳斯
CN101130408, 木垒
CN101130501, 吐鲁番
CN101130502, 托克逊
CN101130503, 高昌
CN101130504, 鄯善
CN101130601, 库尔勒
CN101130602, 轮台
CN101130603, 尉犁
CN101130604, 若羌
CN101130605, 且末
CN101130606, 和静
CN101130607, 焉耆
CN101130608, 和硕
CN101130609, 巴音郭楞
CN101130612, 博湖
CN101130701, 阿拉尔
CN101130801, 阿克苏
CN101130802, 乌什
CN101130803, 温宿
CN101130804, 拜城
CN101130805, 新和
CN101130806, 沙雅
CN101130807, 库车
CN101130808, 柯坪
CN101130809, 阿瓦提
CN101130901, 喀什
CN101130902, 英吉沙
CN101130903, 塔什库尔干
CN101130904, 麦盖提
CN101130905, 莎车
CN101130906, 叶城
CN101130907, 泽普
CN101130908, 巴楚
CN101130909, 岳普湖
CN101130910, 伽师
CN101130911, 疏附
CN101130912, 疏勒
CN101131001, 伊宁
CN101131002, 察布查尔
CN101131003, 尼勒克
CN101131004, 伊宁县
CN101131005, 巩留
CN101131006, 新源
CN101131007, 昭苏
CN101131008, 特克斯
CN101131009, 霍城
CN101131010, 霍尔果斯
CN101131011, 奎屯
CN101131012, 伊犁
CN101131101, 塔城
CN101131102, 裕民
CN101131103, 额敏
CN101131104, 和布克赛尔
CN101131105, 托里
CN101131106, 乌苏
CN101131107, 沙湾
CN101131201, 哈密
CN101131202, 伊州
CN101131203, 巴里坤
CN101131204, 伊吾
CN101131301, 和田
CN101131302, 皮山
CN101131303, 策勒
CN101131304, 墨玉
CN101131305, 洛浦
CN101131306, 民丰
CN101131307, 于田
CN101131401, 阿勒泰
CN101131402, 哈巴河
CN101131405, 吉木乃
CN101131406, 布尔津
CN101131407, 福海
CN101131408, 富蕴
CN101131409, 青河
CN101131501, 阿图什
CN101131502, 乌恰
CN101131503, 阿克陶
CN101131504, 阿合奇
CN101131505, 克州
CN101131601, 博乐
CN101131602, 温泉
CN101131603, 精河
CN101131604, 博尔塔拉
CN101131606, 阿拉山口
CN101131701, 图木舒克
CN101131801, 五家渠
CN101131901, 铁门关
CN101131920, 昆玉
CN101132101, 北屯
CN101132201, 双河
CN101132301, 可克达拉
CN101140101, 拉萨
CN101140102, 当雄
CN101140103, 尼木
CN101140104, 林周
CN101140105, 堆龙德庆
CN101140106, 曲水
CN101140107, 达孜
CN101140108, 墨竹工卡
CN101140109, 城关
CN101140201, 日喀则
CN101140202, 拉孜
CN101140203, 南木林
CN101140204, 聂拉木
CN101140205, 定日
CN101140206, 江孜
CN101140208, 仲巴
CN101140209, 萨嘎
CN101140210, 吉隆
CN101140211, 昂仁
CN101140212, 定结
CN101140213, 萨迦
CN101140214, 谢通门
CN101140215, 桑珠孜
CN101140216, 岗巴
CN101140217, 白朗
CN101140218, 亚东
CN101140219, 康马
CN101140220, 仁布
CN101140301, 山南
CN101140302, 贡嘎
CN101140303, 扎囊
CN101140304, 加查
CN101140305, 浪卡子
CN101140306, 错那
CN101140307, 隆子
CN101140309, 乃东
CN101140310, 桑日
CN101140311, 洛扎
CN101140312, 措美
CN101140313, 琼结
CN101140314, 曲松
CN101140401, 林芝
CN101140402, 波密
CN101140403, 米林
CN101140404, 察隅
CN101140405, 工布江达
CN101140406, 朗县
CN101140407, 墨脱
CN101140408, 巴宜
CN101140501, 昌都
CN101140502, 丁青
CN101140503, 边坝
CN101140504, 洛隆
CN101140505, 左贡
CN101140506, 芒康
CN101140507, 类乌齐
CN101140508, 八宿
CN101140509, 江达
CN101140510, 察雅
CN101140511, 贡觉
CN101140512, 卡若
CN101140601, 那曲
CN101140602, 尼玛
CN101140603, 嘉黎
CN101140604, 班戈
CN101140605, 安多
CN101140606, 索县
CN101140607, 聂荣
CN101140608, 巴青
CN101140609, 比如
CN101140610, 双湖
CN101140611, 申扎
CN101140701, 阿里
CN101140702, 改则
CN101140705, 普兰
CN101140706, 札达
CN101140707, 噶尔
CN101140708, 日土
CN101140709, 革吉
CN101140710, 措勤
CN101150101, 西宁
CN101150102, 大通
CN101150103, 湟源
CN101150104, 湟中
CN101150105, 城东
CN101150106, 城中
CN101150107, 城西
CN101150108, 城北
CN101150201, 平安
CN101150202, 乐都
CN101150203, 民和
CN101150204, 互助
CN101150205, 化隆
CN101150206, 循化
CN101150207, 海东
CN101150301, 同仁
CN101150302, 尖扎
CN101150303, 泽库
CN101150304, 河南
CN101150305, 黄南
CN101150401, 共和
CN101150402, 海南
CN101150404, 贵德
CN101150406, 兴海
CN101150407, 贵南
CN101150408, 同德
CN101150501, 玛沁
CN101150502, 班玛
CN101150503, 甘德
CN101150504, 达日
CN101150505, 久治
CN101150506, 玛多
CN101150507, 果洛
CN101150601, 玉树
CN101150602, 称多
CN101150603, 治多
CN101150604, 杂多
CN101150605, 囊谦
CN101150606, 曲麻莱
CN101150701, 德令哈
CN101150702, 海西
CN101150708, 天峻
CN101150709, 乌兰
CN101150712, 茫崖
CN101150713, 大柴旦
CN101150714, 格尔木
CN101150715, 都兰
CN101150716, 冷湖
CN101150801, 海晏
CN101150802, 门源
CN101150803, 祁连
CN101150804, 海北
CN101150806, 刚察
CN101160101, 兰州
CN101160102, 皋兰
CN101160103, 永登
CN101160104, 榆中
CN101160105, 城关
CN101160106, 七里河
CN101160107, 西固
CN101160108, 安宁
CN101160109, 红古
CN101160201, 定西
CN101160202, 通渭
CN101160203, 陇西
CN101160204, 渭源
CN101160205, 临洮
CN101160206, 漳县
CN101160207, 岷县
CN101160208, 安定
CN101160301, 平凉
CN101160302, 泾川
CN101160303, 灵台
CN101160304, 崇信
CN101160305, 华亭
INSERT INTO `city` `id`, `cityZh`
CN101160306, 庄浪
CN101160307, 静宁
CN101160308, 崆峒
CN101160401, 庆阳
CN101160402, 西峰
CN101160403, 环县
CN101160404, 华池
CN101160405, 合水
CN101160406, 正宁
CN101160407, 宁县
CN101160408, 镇原
CN101160409, 庆城
CN101160501, 武威
CN101160502, 民勤
CN101160503, 古浪
CN101160504, 凉州
CN101160505, 天祝
CN101160601, 金昌
CN101160602, 永昌
CN101160603, 金川
CN101160701, 张掖
CN101160702, 肃南
CN101160703, 民乐
CN101160704, 临泽
CN101160705, 高台
CN101160706, 山丹
CN101160707, 甘州
CN101160801, 酒泉
CN101160802, 肃州
CN101160803, 金塔
CN101160804, 阿克塞
CN101160805, 瓜州
CN101160806, 肃北
CN101160807, 玉门
CN101160808, 敦煌
CN101160901, 天水
CN101160902, 秦州
CN101160903, 清水
CN101160904, 秦安
CN101160905, 甘谷
CN101160906, 武山
CN101160907, 张家川
CN101160908, 麦积
CN101161001, 武都
CN101161002, 成县
CN101161003, 文县
CN101161004, 宕昌
CN101161005, 康县
CN101161006, 西和
CN101161007, 礼县
CN101161008, 徽县
CN101161009, 两当
CN101161010, 陇南
CN101161101, 临夏
CN101161102, 康乐
CN101161103, 永靖
CN101161104, 广河
CN101161105, 和政
CN101161106, 东乡
CN101161107, 积石山
CN101161201, 合作
CN101161202, 临潭
CN101161203, 卓尼
CN101161204, 舟曲
CN101161205, 迭部
CN101161206, 玛曲
CN101161207, 碌曲
CN101161208, 夏河
CN101161209, 甘南
CN101161301, 白银
CN101161302, 靖远
CN101161303, 会宁
CN101161304, 平川
CN101161305, 景泰
CN101161401, 嘉峪关
CN101170101, 银川
CN101170102, 永宁
CN101170103, 灵武
CN101170104, 贺兰
CN101170105, 兴庆
CN101170106, 西夏
CN101170107, 金凤
CN101170201, 石嘴山
CN101170202, 惠农
CN101170203, 平罗
CN101170204, 陶乐
CN101170205, 大武口
CN101170301, 吴忠
CN101170302, 同心
CN101170303, 盐池
CN101170304, 利通
CN101170305, 红寺堡
CN101170306, 青铜峡
CN101170401, 固原
CN101170402, 西吉
CN101170403, 隆德
CN101170404, 泾源
CN101170405, 原州
CN101170406, 彭阳
CN101170501, 中卫
CN101170502, 中宁
CN101170503, 沙坡头
CN101170504, 海原
CN101180101, 郑州
CN101180102, 巩义
CN101180103, 荥阳
CN101180104, 登封
CN101180105, 新密
CN101180106, 新郑
CN101180107, 中牟
CN101180108, 上街
CN101180109, 中原
CN101180110, 二七
CN101180111, 管城
CN101180112, 金水
CN101180113, 惠济
CN101180201, 安阳
CN101180202, 汤阴
CN101180203, 滑县
CN101180204, 内黄
CN101180205, 林州
CN101180206, 文峰
CN101180207, 北关
CN101180208, 殷都
CN101180209, 龙安
CN101180301, 新乡
CN101180302, 获嘉
CN101180303, 原阳
CN101180304, 辉县
CN101180305, 卫辉
CN101180306, 延津
CN101180307, 封丘
CN101180308, 长垣
CN101180309, 红旗
CN101180310, 卫滨
CN101180311, 凤泉
CN101180312, 牧野
CN101180401, 许昌
CN101180402, 鄢陵
CN101180403, 襄城
CN101180404, 长葛
CN101180405, 禹州
CN101180406, 魏都
CN101180501, 平顶山
CN101180502, 郏县
CN101180503, 宝丰
CN101180504, 汝州
CN101180505, 叶县
CN101180506, 舞钢
CN101180507, 鲁山
CN101180508, 石龙
CN101180509, 新华
CN101180510, 卫东
CN101180511, 湛河
CN101180601, 信阳
CN101180602, 息县
CN101180603, 罗山
CN101180604, 光山
CN101180605, 新县
CN101180606, 淮滨
CN101180607, 潢川
CN101180608, 固始
CN101180609, 商城
CN101180610, 负
CN101180611, 平桥
CN101180701, 南阳
CN101180702, 南召
CN101180703, 方城
CN101180704, 社旗
CN101180705, 西峡
CN101180706, 内乡
CN101180707, 镇平
CN101180708, 淅川
CN101180709, 新野
CN101180710, 唐河
CN101180711, 邓州
CN101180712, 桐柏
CN101180713, 宛城
CN101180714, 卧龙
CN101180801, 开封
CN101180802, 杞县
CN101180803, 尉氏
CN101180804, 通许
CN101180805, 兰考
CN101180806, 龙亭
CN101180807, 顺河
CN101180808, 鼓楼
CN101180809, 禹王台
CN101180810, 祥符
CN101180901, 洛阳
CN101180902, 新安
CN101180903, 孟津
CN101180904, 宜阳
CN101180905, 洛宁
CN101180906, 伊川
CN101180907, 嵩县
CN101180908, 偃师
CN101180909, 栾川
CN101180910, 汝阳
CN101180911, 吉利
CN101180912, 老城
CN101180913, 西工
CN101180914, e河
CN101180915, 涧西
CN101180916, 洛龙
CN101181001, 商丘
CN101181002, 梁园
CN101181003, 睢县
CN101181004, 民权
CN101181005, 虞城
CN101181006, 柘城
CN101181007, 宁陵
CN101181008, 夏邑
CN101181009, 永城
CN101181010, 睢阳
CN101181101, 焦作
CN101181102, 修武
CN101181103, 武陟
CN101181104, 沁阳
CN101181105, 解放
CN101181106, 博爱
CN101181107, 温县
CN101181108, 孟州
CN101181109, 中站
CN101181110, 马村
CN101181111, 山阳
CN101181201, 鹤壁
CN101181202, 浚县
CN101181203, 淇县
CN101181204, 鹤山
CN101181205, 山城
CN101181206, 淇滨
CN101181301, 濮阳
CN101181302, 台前
CN101181303, 南乐
CN101181304, 清丰
CN101181305, 范县
CN101181306, 华龙
CN101181401, 周口
CN101181402, 扶沟
CN101181403, 太康
CN101181404, 淮阳
CN101181405, 西华
CN101181406, 商水
CN101181407, 项城
CN101181408, 郸城
CN101181409, 鹿邑
CN101181410, 沈丘
CN101181411, 川汇
CN101181501, 漯河
CN101181502, 临颍
CN101181503, 舞阳
CN101181504, 源汇
CN101181505, 郾城
CN101181506, 召陵
CN101181601, 驻马店
CN101181602, 西平
CN101181603, 遂平
CN101181604, 上蔡
CN101181605, 汝南
CN101181606, 泌阳
CN101181607, 平舆
CN101181608, 新蔡
CN101181609, 确山
CN101181610, 正阳
CN101181611, 驿城
CN101181701, 三门峡
CN101181702, 灵宝
CN101181703, 渑池
CN101181704, 卢氏
CN101181705, 义马
CN101181706, 陕县
CN101181707, 湖滨
CN101181708, 陕州
CN101181801, 济源
CN101190101, 南京
CN101190102, 溧水
CN101190103, 高淳
CN101190104, 江宁
CN101190105, 六合
CN101190107, 浦口
CN101190108, 玄武
CN101190109, 秦淮
CN101190110, 建邺
CN101190111, 鼓楼
CN101190112, 栖霞
CN101190113, 雨花台
CN101190201, 无锡
CN101190202, 江阴
CN101190203, 宜兴
CN101190204, 锡山
CN101190205, 惠山
CN101190206, 滨湖
CN101190207, 梁溪
CN101190208, 新吴
CN101190301, 镇江
CN101190302, 丹阳
CN101190303, 扬中
CN101190304, 句容
CN101190305, 丹徒
CN101190306, 京口
CN101190307, 润州
CN101190401, 苏州
CN101190402, 常熟
CN101190403, 张家港
CN101190404, 昆山
CN101190405, 吴中
CN101190406, 虎丘
CN101190407, 吴江
CN101190408, 太仓
CN101190409, 相城
CN101190410, 姑苏
CN101190501, 南通
CN101190502, 海安
CN101190503, 如皋
CN101190504, 如东
CN101190505, 崇川
CN101190506, 港闸
CN101190507, 启东
CN101190508, 海门
CN101190509, 通州
CN101190601, 扬州
CN101190602, 宝应
CN101190603, 仪征
CN101190604, 高邮
CN101190605, 江都
CN101190606, 邗江
CN101190607, 广陵
CN101190701, 盐城
CN101190702, 响水
CN101190703, 滨海
CN101190704, 阜宁
CN101190705, 射阳
CN101190706, 建湖
CN101190707, 东台
CN101190708, 大丰
CN101190709, 盐都
CN101190710, 亭湖
CN101190801, 徐州
CN101190802, 铜山
CN101190803, 丰县
CN101190804, 沛县
CN101190805, 邳州
CN101190806, 睢宁
CN101190807, 新沂
CN101190808, 鼓楼
CN101190809, 云龙
CN101190810, 贾汪
CN101190811, 泉山
CN101190901, 淮安
CN101190902, 金湖
CN101190903, 盱眙
CN101190904, 洪泽
CN101190905, 涟水
CN101190906, 淮阴区
CN101190907, 清河
CN101190908, 淮安区
CN101190909, 清浦
CN101191001, 连云港
CN101191002, 东海
CN101191003, 赣榆
CN101191004, 灌云
CN101191005, 灌南
CN101191006, 海州
CN101191101, 常州
CN101191102, 溧阳
CN101191103, 金坛
CN101191104, 武进
CN101191105, 天宁
CN101191106, 钟楼
CN101191107, 新北
CN101191201, 泰州
CN101191202, 兴化
CN101191203, 泰兴
CN101191204, 姜堰
CN101191205, 靖江
CN101191206, 海陵
CN101191207, 高港
CN101191301, 宿迁
CN101191302, 沭阳
CN101191303, 泗阳
CN101191304, 泗洪
CN101191305, 宿豫
CN101191306, 宿城
CN101200101, 武汉
CN101200102, 蔡甸
CN101200103, 黄陂
CN101200104, 新洲
CN101200105, 江夏
CN101200106, 东西湖
CN101200107, 江岸
CN101200108, 江汉
CN101200109, ~口
CN101200110, 汉阳
CN101200111, 武昌
CN101200112, 青山
CN101200113, 洪山
CN101200114, 汉南
CN101200201, 襄阳
CN101200202, 襄州
CN101200203, 保康
CN101200204, 南漳
CN101200205, 宜城
CN101200206, 老河口
CN101200207, 谷城
CN101200208, 枣阳
CN101200209, 襄城
CN101200210, 樊城
CN101200301, 鄂州
CN101200302, 梁子湖
CN101200303, 华容
CN101200304, 鄂城
CN101200401, 孝感
CN101200402, 安陆
CN101200403, 云梦
CN101200404, 大悟
CN101200405, 应城
CN101200406, 汉川
CN101200407, 孝昌
CN101200408, 孝南
CN101200501, 黄冈
CN101200502, 红安
CN101200503, 麻城
CN101200504, 罗田
CN101200505, 英山
CN101200506, 浠水
CN101200507, 蕲春
CN101200508, 黄梅
CN101200509, 武穴
CN101200510, 团风
CN101200511, 黄州
CN101200601, 黄石
CN101200602, 大冶
CN101200603, 阳新
CN101200604, 铁山
CN101200605, 下陆
CN101200606, 西塞山
CN101200607, 黄石港
CN101200701, 咸宁
CN101200702, 赤壁
CN101200703, 嘉鱼
CN101200704, 崇阳
CN101200705, 通城
CN101200706, 通山
CN101200707, 咸安
CN101200801, 荆州
CN101200802, 江陵
CN101200803, 公安
CN101200804, 石首
CN101200805, 监利
CN101200806, 洪湖
CN101200807, 松滋
CN101200808, 沙市
CN101200901, 宜昌
CN101200902, 远安
CN101200903, 秭归
CN101200904, 兴山
CN101200905, 西陵
CN101200906, 五峰
CN101200907, 当阳
CN101200908, 长阳
CN101200909, 宜都
CN101200910, 枝江
CN101200912, 夷陵
CN101200913, 伍家岗
CN101200914, 点军
CN101200915, V亭
INSERT INTO `city` `id`, `cityZh`
CN101201001, 恩施
CN101201002, 利川
CN101201003, 建始
CN101201004, 咸丰
CN101201005, 宣恩
CN101201006, 鹤峰
CN101201007, 来凤
CN101201008, 巴东
CN101201101, 十堰
CN101201102, 竹溪
CN101201103, 郧西
CN101201104, 郧阳
CN101201105, 竹山
CN101201106, 房县
CN101201107, 丹江口
CN101201108, 茅箭
CN101201109, 张湾
CN101201201, 神农架
CN101201301, 随州
CN101201302, 广水
CN101201303, 曾都
CN101201304, 随县
CN101201401, 荆门
CN101201402, 钟祥
CN101201403, 京山
CN101201404, 掇刀
CN101201405, 沙洋
CN101201406, 东宝
CN101201501, 天门
CN101201601, 仙桃
CN101201701, 潜江
CN101210101, 杭州
CN101210102, 萧山
CN101210103, 桐庐
CN101210104, 淳安
CN101210105, 建德
CN101210106, 余杭
CN101210107, 临安
CN101210108, 富阳
CN101210109, 上城
CN101210110, 下城
CN101210111, 江干
CN101210112, 拱墅
CN101210113, 西湖
CN101210114, 滨江
CN101210201, 湖州
CN101210202, 长兴
CN101210203, 安吉
CN101210204, 德清
CN101210205, 吴兴
CN101210206, 南浔
CN101210301, 嘉兴
CN101210302, 嘉善
CN101210303, 海宁
CN101210304, 桐乡
CN101210305, 平湖
CN101210306, 海盐
CN101210307, 南湖
CN101210308, 秀洲
CN101210401, 宁波
CN101210402, 海曙
CN101210403, 慈溪
CN101210404, 余姚
CN101210405, 奉化
CN101210406, 象山
CN101210407, 江东
CN101210408, 宁海
CN101210409, 江北
CN101210410, 北仑
CN101210411, 鄞州
CN101210412, 镇海
CN101210501, 越城
CN101210502, 诸暨
CN101210503, 上虞
CN101210504, 新昌
CN101210505, 嵊州
CN101210506, 柯桥
CN101210507, 绍兴
CN101210601, 台州
CN101210603, 玉环
CN101210604, 三门
CN101210605, 天台
CN101210606, 仙居
CN101210607, 温岭
CN101210610, 临海
CN101210611, 椒江
CN101210612, 黄岩
CN101210613, 路桥
CN101210701, 温州
CN101210702, 泰顺
CN101210703, 文成
CN101210704, 平阳
CN101210705, 瑞安
CN101210706, 洞头
CN101210707, 乐清
CN101210708, 永嘉
CN101210709, 苍南
CN101210710, 鹿城
CN101210711, 龙湾
CN101210712, 瓯海
CN101210801, 丽水
CN101210802, 遂昌
CN101210803, 龙泉
CN101210804, 缙云
CN101210805, 青田
CN101210806, 云和
CN101210807, 庆元
CN101210808, 松阳
CN101210809, 景宁
CN101210810, 莲都
CN101210901, 金华
CN101210902, 浦江
CN101210903, 兰溪
CN101210904, 义乌
CN101210905, 东阳
CN101210906, 武义
CN101210907, 永康
CN101210908, 磐安
CN101210909, 婺城
CN101210910, 金东
CN101211001, 衢州
CN101211002, 常山
CN101211003, 开化
CN101211004, 龙游
CN101211005, 江山
CN101211006, 衢江
CN101211007, 柯城
CN101211101, 舟山
CN101211102, 嵊泗
CN101211104, 岱山
CN101211105, 普陀
CN101211106, 定海
CN101220101, 合肥
CN101220102, 长丰
CN101220103, 肥东
CN101220104, 肥西
CN101220105, 巢湖
CN101220106, 庐江
CN101220107, 瑶海
CN101220108, 庐阳
CN101220109, 蜀山
CN101220110, 包河
CN101220201, 蚌埠
CN101220202, 怀远
CN101220203, 固镇
CN101220204, 五河
CN101220205, 龙子湖
CN101220206, 蚌山
CN101220207, 禹会
CN101220208, 淮上
CN101220301, 芜湖
CN101220302, 繁昌
CN101220303, 芜湖县
CN101220304, 南陵
CN101220305, 无为
CN101220306, 镜湖
CN101220307, 弋江
CN101220308, 鸠江
CN101220309, 三山
CN101220401, 淮南
CN101220402, 凤台
CN101220403, 潘集
CN101220404, 大通
CN101220405, 田家庵
CN101220406, 谢家集
CN101220407, 八公山
CN101220408, 寿县
CN101220501, 马鞍山
CN101220502, 当涂
CN101220503, 含山
CN101220504, 和县
CN101220505, 花山
CN101220506, 雨山
CN101220507, 博望
CN101220601, 安庆
CN101220603, 太湖
CN101220604, 潜山
CN101220605, 怀宁
CN101220606, 宿松
CN101220607, 望江
CN101220608, 岳西
CN101220609, 桐城
CN101220610, 迎江
CN101220611, 大观
CN101220612, 宜秀
CN101220701, 宿州
CN101220702, 砀山
CN101220703, 灵璧
CN101220704, 泗县
CN101220705, 萧县
CN101220706, 桥
CN101220801, 阜阳
CN101220802, 阜南
CN101220803, 颍上
CN101220804, 临泉
CN101220805, 界首
CN101220806, 太和
CN101220807, 颍州
CN101220808, 颍东
CN101220809, 颍泉
CN101220901, 亳州
CN101220902, 涡阳
CN101220903, 利辛
CN101220904, 蒙城
CN101220905, 谯城
CN101221001, 黄山
CN101221002, 黄山区
CN101221003, 屯溪
CN101221004, 祁门
CN101221005, 黟县
CN101221006, 歙县
CN101221007, 休宁
CN101221009, 徽州
CN101221101, 滁州
CN101221102, 凤阳
CN101221103, 明光
CN101221104, 定远
CN101221105, 全椒
CN101221106, 来安
CN101221107, 天长
CN101221108, 琅琊
CN101221109, 南谯
CN101221201, 淮北
CN101221202, 濉溪
CN101221203, 杜集
CN101221204, 相山
CN101221205, 烈山
CN101221301, 铜陵
CN101221302, 铜官
CN101221303, 义安
CN101221304, 郊区
CN101221305, 枞阳
CN101221401, 宣城
CN101221402, 泾县
CN101221403, 旌德
CN101221404, 宁国
CN101221405, 绩溪
CN101221406, 广德
CN101221407, 郎溪
CN101221408, 宣州
CN101221501, 六安
CN101221502, 霍邱
CN101221504, 金安
CN101221505, 金寨
CN101221506, 霍山
CN101221507, 舒城
CN101221508, 裕安
CN101221509, 叶集
CN101221701, 池州
CN101221702, 东至
CN101221703, 青阳
CN101221704, 九华山
CN101221705, 石台
CN101221706, 贵池
CN101230101, 福州
CN101230102, 闽清
CN101230103, 闽侯
CN101230104, 罗源
CN101230105, 连江
CN101230106, 鼓楼
CN101230107, 永泰
CN101230108, 平潭
CN101230109, 台江
CN101230110, 长乐
CN101230111, 福清
CN101230112, 仓山
CN101230113, 马尾
CN101230114, 晋安
CN101230201, 厦门
CN101230202, 同安
CN101230203, 思明
CN101230204, 海沧
CN101230205, 湖里
CN101230206, 集美
CN101230207, 翔安
CN101230301, 宁德
CN101230302, 古田
CN101230303, 霞浦
CN101230304, 寿宁
CN101230305, 周宁
CN101230306, 福安
CN101230307, 柘荣
CN101230308, 福鼎
CN101230309, 屏南
CN101230310, 蕉城
CN101230401, 莆田
CN101230402, 仙游
CN101230404, 涵江
CN101230405, 秀屿
CN101230406, 荔城
CN101230407, 城厢
CN101230501, 泉州
CN101230502, 安溪
CN101230503, 金门
CN101230504, 永春
CN101230505, 德化
CN101230506, 南安
CN101230508, 惠安
CN101230509, 晋江
CN101230510, 石狮
CN101230511, 鲤城
CN101230512, 丰泽
CN101230513, 洛江
CN101230514, 泉港
CN101230601, 漳州
CN101230602, 长泰
CN101230603, 南靖
CN101230604, 平和
CN101230605, 龙海
CN101230606, 漳浦
CN101230607, 诏安
CN101230608, 东山
CN101230609, 云霄
CN101230610, 华安
CN101230611, 芗城
CN101230612, 龙文
CN101230701, 龙岩
CN101230702, 长汀
CN101230703, 连城
CN101230704, 武平
CN101230705, 上杭
CN101230706, 永定
CN101230707, 漳平
CN101230708, 新罗
CN101230801, 三明
CN101230802, 宁化
CN101230803, 清流
CN101230804, 泰宁
CN101230805, 将乐
CN101230806, 建宁
CN101230807, 明溪
CN101230808, 沙县
CN101230809, 尤溪
CN101230810, 永安
CN101230811, 大田
CN101230812, 梅列
CN101230813, 三元
CN101230901, 南平
CN101230902, 顺昌
CN101230903, 光泽
CN101230904, 邵武
CN101230905, 武夷山
CN101230906, 浦城
CN101230907, 建阳
CN101230908, 松溪
CN101230909, 政和
CN101230910, 建瓯
CN101230911, 延平
CN101231001, 钓鱼岛
CN101240101, 南昌
CN101240102, 新建
CN101240103, 南昌县
CN101240104, 安义
CN101240105, 进贤
CN101240106, 东湖
CN101240107, 西湖
CN101240108, 青云谱
CN101240109, 湾里
CN101240110, 青山湖
CN101240201, 九江
CN101240202, 瑞昌
CN101240203, 庐山
CN101240204, 武宁
CN101240205, 德安
CN101240206, 永修
CN101240207, 湖口
CN101240208, 彭泽
CN101240209, 星子
CN101240210, 都昌
CN101240211, 浔阳
CN101240212, 修水
CN101240213, 共青城
CN101240214, 濂溪
CN101240301, 上饶
CN101240302, 鄱阳
CN101240303, 婺源
CN101240304, 信州
CN101240305, 余干
CN101240306, 万年
CN101240307, 德兴
CN101240308, 上饶县
CN101240309, 弋阳
CN101240310, 横峰
CN101240311, 铅山
CN101240312, 玉山
CN101240313, 广丰
CN101240401, 抚州
CN101240402, 广昌
CN101240403, 乐安
CN101240404, 崇仁
CN101240405, 金溪
CN101240406, 资溪
CN101240407, 宜黄
CN101240408, 南城
CN101240409, 南丰
CN101240410, 黎川
CN101240411, 东乡
CN101240412, 临川
CN101240501, 宜春
CN101240502, 铜鼓
CN101240503, 宜丰
CN101240504, 万载
CN101240505, 上高
CN101240506, 靖安
CN101240507, 奉新
CN101240508, 高安
CN101240509, 樟树
CN101240510, 丰城
CN101240511, 袁州
CN101240601, 吉安
CN101240602, 吉安县
CN101240603, 吉水
CN101240604, 新干
CN101240605, 峡江
CN101240606, 永丰
CN101240607, 永新
CN101240608, 井冈山
CN101240609, 万安
CN101240610, 遂川
CN101240611, 泰和
CN101240612, 安福
CN101240614, 吉州
CN101240615, 青原
CN101240701, 赣州
CN101240702, 崇义
CN101240703, 上犹
CN101240704, 南康
CN101240705, 大余
CN101240706, 信丰
CN101240707, 宁都
CN101240708, 石城
CN101240709, 瑞金
CN101240710, 于都
CN101240711, 会昌
CN101240712, 安远
CN101240713, 全南
CN101240714, 龙南
CN101240715, 定南
CN101240716, 寻乌
CN101240717, 兴国
CN101240718, 赣县
CN101240719, 章贡
CN101240801, 景德镇
CN101240802, 乐平
CN101240803, 浮梁
CN101240804, 昌江
CN101240805, 珠山
CN101240901, 萍乡
CN101240902, 莲花
CN101240903, 上栗
CN101240904, 安源
CN101240905, 芦溪
CN101240906, 湘东
CN101241001, 新余
CN101241002, 分宜
CN101241003, 渝水
CN101241101, 鹰潭
CN101241102, 余江
CN101241103, 贵溪
CN101241104, 月湖
CN101250101, 长沙
CN101250102, 宁乡
CN101250103, 浏阳
CN101250104, 湘江新区
CN101250105, 望城
CN101250106, 长沙县
INSERT INTO `city` `id`, `cityZh`
CN101250107, 芙蓉
CN101250108, 天心
CN101250109, 岳麓
CN101250110, 开福
CN101250111, 雨花
CN101250201, 湘潭
CN101250202, 韶山
CN101250203, 湘乡
CN101250204, 雨湖
CN101250205, 岳塘
CN101250301, 株洲
CN101250302, 攸县
CN101250303, 醴陵
CN101250304, 荷塘
CN101250305, 茶陵
CN101250306, 炎陵
CN101250307, 芦淞
CN101250308, 石峰
CN101250309, 天元
CN101250401, 衡阳
CN101250402, 衡山
CN101250403, 衡东
CN101250404, 祁东
CN101250405, 衡阳县
CN101250406, 常宁
CN101250407, 衡南
CN101250408, 耒阳
CN101250409, 南岳
CN101250410, 珠晖
CN101250411, 雁峰
CN101250412, 石鼓
CN101250413, 蒸湘
CN101250501, 郴州
CN101250502, 桂阳
CN101250503, 嘉禾
CN101250504, 宜章
CN101250505, 临武
CN101250506, 北湖
CN101250507, 资兴
CN101250508, 汝城
CN101250509, 安仁
CN101250510, 永兴
CN101250511, 桂东
CN101250512, 苏仙
CN101250601, 常德
CN101250602, 安乡
CN101250603, 桃源
CN101250604, 汉寿
CN101250605, 澧县
CN101250606, 临澧
CN101250607, 石门
CN101250608, 津市
CN101250609, 武陵
CN101250610, 鼎城
CN101250700, 益阳
CN101250701, 赫山区
CN101250702, 南县
CN101250703, 桃江
CN101250704, 安化
CN101250705, 沅江
CN101250706, 资阳
CN101250801, 娄底
CN101250802, 双峰
CN101250803, 冷水江
CN101250804, 娄星
CN101250805, 新化
CN101250806, 涟源
CN101250901, 邵阳
CN101250902, 隆回
CN101250903, 洞口
CN101250904, 新邵
CN101250905, 邵东
CN101250906, 绥宁
CN101250907, 新宁
CN101250908, 武冈
CN101250909, 城步
CN101250910, 邵阳县
CN101250911, 双清
CN101250912, 大祥
CN101250913, 北塔
CN101251001, 岳阳
CN101251002, 华容
CN101251003, 湘阴
CN101251004, 汨罗
CN101251005, 平江
CN101251006, 临湘
CN101251007, 岳阳楼区
CN101251008, 云溪
CN101251009, 君山
CN101251101, 张家界
CN101251102, 桑植
CN101251103, 慈利
CN101251104, 武陵源
CN101251105, 永定
CN101251201, 怀化
CN101251202, 鹤城
CN101251203, 沅陵
CN101251204, 辰溪
CN101251205, 靖州
CN101251206, 会同
CN101251207, 通道
CN101251208, 麻阳
CN101251209, 新晃
CN101251210, 芷江
CN101251211, 溆浦
CN101251212, 中方
CN101251213, 洪江
CN101251401, 永州
CN101251402, 祁阳
CN101251403, 东安
CN101251404, 双牌
CN101251405, 道县
CN101251406, 宁远
CN101251407, 江永
CN101251408, 蓝山
CN101251409, 新田
CN101251410, 江华
CN101251411, 冷水滩
CN101251412, 零陵
CN101251501, 吉首
CN101251502, 保靖
CN101251503, 永顺
CN101251504, 古丈
CN101251505, 凤凰
CN101251506, 泸溪
CN101251507, 龙山
CN101251508, 花垣
CN101251509, 湘西
CN101260101, 贵阳
CN101260102, 白云
CN101260103, 花溪
CN101260104, 乌当
CN101260105, 息烽
CN101260106, 开阳
CN101260107, 修文
CN101260108, 清镇
CN101260110, 云岩
CN101260111, 南明
CN101260112, 观山湖
CN101260201, 遵义
CN101260202, 遵义县
CN101260203, 仁怀
CN101260204, 绥阳
CN101260205, 湄潭
CN101260206, 凤冈
CN101260207, 桐梓
CN101260208, 赤水
CN101260209, 习水
CN101260210, 道真
CN101260211, 正安
CN101260212, 务川
CN101260213, 余庆
CN101260214, 汇川
CN101260215, 红花岗
CN101260216, 播州
CN101260301, 安顺
CN101260302, 普定
CN101260303, 镇宁
CN101260304, 平坝
CN101260305, 紫云
CN101260306, 关岭
CN101260307, 西秀
CN101260401, 都匀
CN101260402, 贵定
CN101260403, 瓮安
CN101260404, 长顺
CN101260405, 福泉
CN101260406, 惠水
CN101260407, 龙里
CN101260408, 罗甸
CN101260409, 平塘
CN101260410, 独山
CN101260411, 三都
CN101260412, 荔波
CN101260413, 黔南
CN101260501, 凯里
CN101260502, 岑巩
CN101260503, 施秉
CN101260504, 镇远
CN101260505, 黄平
CN101260506, 黔东南
CN101260507, 麻江
CN101260508, 丹寨
CN101260509, 三穗
CN101260510, 台江
CN101260511, 剑河
CN101260512, 雷山
CN101260513, 黎平
CN101260514, 天柱
CN101260515, 锦屏
CN101260516, 榕江
CN101260517, 从江
CN101260601, 铜仁
CN101260602, 江口
CN101260603, 玉屏
CN101260604, 万山
CN101260605, 思南
CN101260606, 碧江
CN101260607, 印江
CN101260608, 石阡
CN101260609, 沿河
CN101260610, 德江
CN101260611, 松桃
CN101260701, 毕节
CN101260702, 赫章
CN101260703, 金沙
CN101260704, 威宁
CN101260705, 大方
CN101260706, 纳雍
CN101260707, 织金
CN101260708, 黔西
CN101260709, 七星关
CN101260801, 水城
CN101260802, 六枝
CN101260803, 六盘水
CN101260804, 盘县
CN101260805, 钟山
CN101260901, 兴义
CN101260902, 晴隆
CN101260903, 兴仁
CN101260904, 贞丰
CN101260905, 望谟
CN101260906, 黔西南
CN101260907, 安龙
CN101260908, 册亨
CN101260909, 普安
CN101270101, 成都
CN101270102, 龙泉驿
CN101270103, 新都
CN101270104, 温江
CN101270105, 金堂
CN101270106, 双流
CN101270107, 郫都
CN101270108, 大邑
CN101270109, 蒲江
CN101270110, 新津
CN101270111, 都江堰
CN101270112, 彭州
CN101270113, 邛崃
CN101270114, 崇州
CN101270115, 青白江
CN101270116, 锦江
CN101270117, 青羊
CN101270118, 金牛
CN101270119, 武侯
CN101270120, 成华
CN101270121, 简阳
CN101270201, 攀枝花
CN101270202, 仁和
CN101270203, 米易
CN101270204, 盐边
CN101270205, 东区
CN101270206, 西区
CN101270301, 自贡
CN101270302, 富顺
CN101270303, 荣县
CN101270304, 自流井
CN101270305, 贡井
CN101270306, 大安
CN101270307, 沿滩
CN101270401, 绵阳
CN101270402, 三台
CN101270403, 盐亭
CN101270404, 安县
CN101270405, 梓潼
CN101270406, 北川
CN101270407, 平武
CN101270408, 江油
CN101270409, 涪城
CN101270410, 游仙
CN101270411, 安州
CN101270501, 南充
CN101270502, 南部
CN101270503, 营山
CN101270504, 蓬安
CN101270505, 仪陇
CN101270506, 西充
CN101270507, 阆中
CN101270508, 顺庆
CN101270509, 高坪
CN101270510, 嘉陵
CN101270601, 达州
CN101270602, 宣汉
CN101270603, 开江
CN101270604, 大竹
CN101270605, 渠县
CN101270606, 万源
CN101270607, 通川
CN101270608, 达川
CN101270701, 遂宁
CN101270702, 蓬溪
CN101270703, 射洪
CN101270704, 船山
CN101270705, 安居
CN101270706, 大英
CN101270801, 广安
CN101270802, 岳池
CN101270803, 武胜
CN101270804, 邻水
CN101270805, 华蓥
CN101270806, 前锋
CN101270901, 巴中
CN101270902, 通江
CN101270903, 南江
CN101270904, 平昌
CN101270905, 巴州
CN101270906, 恩阳
CN101271001, 泸州
CN101271002, 江阳
CN101271003, 泸县
CN101271004, 合江
CN101271005, 叙永
CN101271006, 古蔺
CN101271007, 纳溪
CN101271008, 龙马潭
CN101271101, 宜宾
CN101271102, 翠屏
CN101271103, 叙州区
CN101271104, 南溪
CN101271105, 江安
CN101271106, 长宁
CN101271107, 高县
CN101271108, 珙县
CN101271109, 筠连
CN101271110, 兴文
CN101271111, 屏山
CN101271201, 内江
CN101271202, 东兴
CN101271203, 威远
CN101271204, 资中
CN101271205, 隆昌
CN101271206, 市中
CN101271301, 资阳
CN101271302, 安岳
CN101271303, 乐至
CN101271305, 雁江
CN101271401, 乐山
CN101271402, 犍为
CN101271403, 井研
CN101271404, 夹江
CN101271405, 沐川
CN101271406, 峨边
CN101271407, 马边
CN101271409, 峨眉山
CN101271410, 市中
CN101271411, 沙湾
CN101271412, 五通桥
CN101271413, 金口河
CN101271501, 眉山
CN101271502, 仁寿
CN101271503, 彭山
CN101271504, 洪雅
CN101271505, 丹棱
CN101271506, 青神
CN101271507, 东坡
CN101271601, 凉山
CN101271603, 木里
CN101271604, 盐源
CN101271605, 德昌
CN101271606, 会理
CN101271607, 会东
CN101271608, 宁南
CN101271609, 普格
CN101271610, 西昌
CN101271611, 金阳
CN101271612, 昭觉
CN101271613, 喜德
CN101271614, 冕宁
CN101271615, 越西
CN101271616, 甘洛
CN101271617, 雷波
CN101271618, 美姑
CN101271619, 布拖
CN101271701, 雅安
CN101271702, 名山
CN101271703, 荥经
CN101271704, 汉源
CN101271705, 石棉
CN101271706, 天全
CN101271707, 芦山
CN101271708, 宝兴
CN101271709, 雨城
CN101271801, 甘孜
CN101271802, 康定
CN101271803, 泸定
CN101271804, 丹巴
CN101271805, 九龙
CN101271806, 雅江
CN101271807, 道孚
CN101271808, 炉霍
CN101271809, 新龙
CN101271810, 德格
CN101271811, 白玉
CN101271812, 石渠
CN101271813, 色达
CN101271814, 理塘
CN101271815, 巴塘
CN101271816, 乡城
CN101271817, 稻城
CN101271818, 得荣
CN101271901, 阿坝
CN101271902, 汶川
CN101271903, 理县
CN101271904, 茂县
CN101271905, 松潘
CN101271906, 九寨沟
CN101271907, 金川
CN101271908, 小金
CN101271909, 黑水
CN101271910, 马尔康
CN101271911, 壤塘
CN101271912, 若尔盖
CN101271913, 红原
CN101272001, 德阳
CN101272002, 中江
CN101272003, 广汉
CN101272004, 什邡
CN101272005, 绵竹
CN101272006, 罗江
CN101272007, 旌阳
CN101272101, 广元
CN101272102, 旺苍
CN101272103, 青川
CN101272104, 剑阁
CN101272105, 苍溪
CN101272106, 利州
CN101272107, 昭化
CN101272108, 朝天
CN101280101, 广州
CN101280102, 番禺
CN101280103, 从化
CN101280104, 增城
CN101280105, 花都
CN101280106, 荔湾
CN101280107, 越秀
CN101280108, 海珠
CN101280109, 天河
CN101280110, 白云
CN101280111, 黄埔
CN101280112, 南沙
CN101280201, 韶关
CN101280202, 乳源
CN101280203, 始兴
CN101280204, 翁源
CN101280205, 乐昌
CN101280206, 仁化
CN101280207, 南雄
CN101280208, 新丰
CN101280209, 曲江
CN101280210, 浈江
CN101280211, 武江
CN101280301, 惠州
CN101280302, 博罗
CN101280303, 惠阳
CN101280304, 惠东
CN101280305, 龙门
CN101280306, 惠城
CN101280401, 梅州
CN101280402, 兴宁
CN101280403, 蕉岭
CN101280404, 大埔
CN101280405, 梅江
CN101280406, 丰顺
INSERT INTO `city` `id`, `cityZh`
CN101280407, 平远
CN101280408, 五华
CN101280409, 梅县
CN101280501, 汕头
CN101280502, 潮阳
CN101280503, 澄海
CN101280504, 南澳
CN101280505, 龙湖
CN101280506, 金平
CN101280507, 濠江
CN101280508, 潮南
CN101280601, 深圳
CN101280602, 罗湖
CN101280603, 福田
CN101280604, 南山
CN101280605, 宝安
CN101280606, 龙岗
CN101280607, 盐田
CN101280608, 龙华
CN101280609, 坪山
CN101280701, 珠海
CN101280702, 斗门
CN101280703, 金湾
CN101280704, 香洲
CN101280800, 佛山
CN101280801, 顺德
CN101280802, 三水
CN101280803, 南海
CN101280804, 高明
CN101280805, 禅城
CN101280901, 肇庆
CN101280902, 广宁
CN101280903, 四会
CN101280904, 端州
CN101280905, 德庆
CN101280906, 怀集
CN101280907, 封开
CN101280908, 高要
CN101280909, 鼎湖
CN101281001, 湛江
CN101281002, 吴川
CN101281003, 雷州
CN101281004, 徐闻
CN101281005, 廉江
CN101281006, 赤坎
CN101281007, 遂溪
CN101281008, 坡头
CN101281009, 霞山
CN101281010, 麻章
CN101281101, 江门
CN101281103, 开平
CN101281104, 新会
CN101281105, 恩平
CN101281106, 台山
CN101281107, 蓬江
CN101281108, 鹤山
CN101281109, 江海
CN101281201, 河源
CN101281202, 紫金
CN101281203, 连平
CN101281204, 和平
CN101281205, 龙川
CN101281206, 东源
CN101281207, 源城
CN101281301, 清远
CN101281302, 连南
CN101281303, 连州
CN101281304, 连山
CN101281305, 阳山
CN101281306, 佛冈
CN101281307, 英德
CN101281308, 清新
CN101281309, 清城
CN101281401, 云浮
CN101281402, 罗定
CN101281403, 新兴
CN101281404, 郁南
CN101281405, 云城
CN101281406, 云安
CN101281501, 潮州
CN101281502, 饶平
CN101281503, 潮安
CN101281504, 湘桥
CN101281601, 东莞
CN101281701, 中山
CN101281801, 阳江
CN101281802, 阳春
CN101281803, 阳东
CN101281804, 阳西
CN101281805, 江城
CN101281901, 揭阳
CN101281902, 揭西
CN101281903, 普宁
CN101281904, 惠来
CN101281905, 揭东
CN101281906, 榕城
CN101282001, 茂名
CN101282002, 高州
CN101282003, 化州
CN101282004, 电白
CN101282005, 信宜
CN101282007, 茂南
CN101282101, 汕尾
CN101282102, 海丰
CN101282103, 陆丰
CN101282104, 陆河
CN101290101, 昆明
CN101290102, 五华
CN101290103, 东川
CN101290104, 寻甸
CN101290105, 晋宁
CN101290106, 宜良
CN101290107, 石林
CN101290108, 呈贡
CN101290109, 富民
CN101290110, 嵩明
CN101290111, 禄劝
CN101290112, 安宁
CN101290114, 盘龙
CN101290115, 官渡
CN101290116, 西山
CN101290201, 大理
CN101290202, 云龙
CN101290203, 漾濞
CN101290204, 永平
CN101290205, 宾川
CN101290206, 弥渡
CN101290207, 祥云
CN101290208, 巍山
CN101290209, 剑川
CN101290210, 洱源
CN101290211, 鹤庆
CN101290212, 南涧
CN101290301, 红河
CN101290302, 石屏
CN101290303, 建水
CN101290304, 弥勒
CN101290305, 元阳
CN101290306, 绿春
CN101290307, 开远
CN101290308, 个旧
CN101290309, 蒙自
CN101290310, 屏边
CN101290311, 泸西
CN101290312, 金平
CN101290313, 河口
CN101290401, 曲靖
CN101290402, 沾益
CN101290403, 陆良
CN101290404, 富源
CN101290405, 马龙
CN101290406, 师宗
CN101290407, 罗平
CN101290408, 会泽
CN101290409, 宣威
CN101290410, 麒麟
CN101290501, 保山
CN101290502, 隆阳
CN101290503, 龙陵
CN101290504, 施甸
CN101290505, 昌宁
CN101290506, 腾冲
CN101290601, 文山
CN101290602, 西畴
CN101290603, 马关
CN101290604, 麻栗坡
CN101290605, 砚山
CN101290606, 丘北
CN101290607, 广南
CN101290608, 富宁
CN101290701, 玉溪
CN101290702, 澄江
CN101290703, 江川
CN101290704, 通海
CN101290705, 华宁
CN101290706, 新平
CN101290707, 易门
CN101290708, 峨山
CN101290709, 元江
CN101290710, 红塔
CN101290801, 楚雄
CN101290802, 大姚
CN101290803, 元谋
CN101290804, 姚安
CN101290805, 牟定
CN101290806, 南华
CN101290807, 武定
CN101290808, 禄丰
CN101290809, 双柏
CN101290810, 永仁
CN101290901, 普洱
CN101290902, 景谷
CN101290903, 景东
CN101290904, 澜沧
CN101290905, 思茅
CN101290906, 墨江
CN101290907, 江城
CN101290908, 孟连
CN101290909, 西盟
CN101290911, 镇沅
CN101290912, 宁洱
CN101291001, 昭通
CN101291002, 鲁甸
CN101291003, 彝良
CN101291004, 镇雄
CN101291005, 威信
CN101291006, 巧家
CN101291007, 绥江
CN101291008, 永善
CN101291009, 盐津
CN101291010, 大关
CN101291011, 水富
CN101291012, 昭阳
CN101291101, 临沧
CN101291102, 沧源
CN101291103, 耿马
CN101291104, 双江
CN101291105, 凤庆
CN101291106, 永德
CN101291107, 云县
CN101291108, 镇康
CN101291109, 临翔
CN101291201, 怒江
CN101291203, 福贡
CN101291204, 兰坪
CN101291205, 泸水
CN101291207, 贡山
CN101291301, 香格里拉
CN101291302, 德钦
CN101291303, 维西
CN101291305, 迪庆
CN101291401, 丽江
CN101291402, 永胜
CN101291403, 华坪
CN101291404, 宁蒗
CN101291405, 古城
CN101291406, 玉龙
CN101291501, 德宏
CN101291503, 陇川
CN101291504, 盈江
CN101291506, 瑞丽
CN101291507, 梁河
CN101291508, 芒市
CN101291601, 景洪
CN101291602, 西双版纳
CN101291603, 勐海
CN101291605, 勐腊
CN101300101, 南宁
CN101300102, 兴宁
CN101300103, 邕宁
CN101300104, 横县
CN101300105, 隆安
CN101300106, 马山
CN101300107, 上林
CN101300108, 武鸣
CN101300109, 宾阳
CN101300110, 青秀
CN101300111, 江南
CN101300112, 西乡塘
CN101300113, 良庆
CN101300201, 崇左
CN101300202, 天等
CN101300203, 龙州
CN101300204, 凭祥
CN101300205, 大新
CN101300206, 扶绥
CN101300207, 宁明
CN101300208, 江州
CN101300301, 柳州
CN101300302, 柳城
CN101300303, 城中
CN101300304, 鹿寨
CN101300305, 柳江
CN101300306, 融安
CN101300307, 融水
CN101300308, 三江
CN101300309, 鱼峰
CN101300310, 柳南
CN101300311, 柳北
CN101300401, 来宾
CN101300402, 忻城
CN101300403, 金秀
CN101300404, 象州
CN101300405, 武宣
CN101300406, 合山
CN101300407, 兴宾
CN101300501, 桂林
CN101300502, 秀峰
CN101300503, 龙胜
CN101300504, 永福
CN101300505, 临桂
CN101300506, 兴安
CN101300507, 灵川
CN101300508, 全州
CN101300509, 灌阳
CN101300510, 阳朔
CN101300511, 恭城
CN101300512, 平乐
CN101300513, 荔浦
CN101300514, 资源
CN101300515, 叠彩
CN101300516, 象山
CN101300517, 七星
CN101300518, 雁山
CN101300601, 梧州
CN101300602, 藤县
CN101300603, 万秀
CN101300604, 苍梧
CN101300605, 蒙山
CN101300606, 岑溪
CN101300607, 长洲
CN101300608, 龙圩
CN101300701, 贺州
CN101300702, 昭平
CN101300703, 富川
CN101300704, 钟山
CN101300705, 八步
CN101300706, 平桂
CN101300801, 贵港
CN101300802, 桂平
CN101300803, 平南
CN101300804, 港北
CN101300805, 港南
CN101300806, 覃塘
CN101300901, 玉林
CN101300902, 博白
CN101300903, 北流
CN101300904, 容县
CN101300905, 陆川
CN101300906, 兴业
CN101300907, 玉州
CN101300908, 福绵
CN101301001, 百色
CN101301002, 那坡
CN101301003, 田阳
CN101301004, 德保
CN101301005, 靖西
CN101301006, 田东
CN101301007, 平果
CN101301008, 隆林
CN101301009, 西林
CN101301010, 乐业
CN101301011, 凌云
CN101301012, 田林
CN101301013, 右江
CN101301101, 钦州
CN101301102, 浦北
CN101301103, 灵山
CN101301104, 钦南
CN101301105, 钦北
CN101301201, 河池
CN101301202, 天峨
CN101301203, 东兰
CN101301204, 巴马
CN101301205, 环江
CN101301206, 罗城
CN101301207, 宜州
CN101301208, 凤山
CN101301209, 南丹
CN101301210, 都安
CN101301211, 大化
CN101301212, 金城江
CN101301301, 北海
CN101301302, 合浦
CN101301304, 海城
CN101301305, 银海
CN101301306, 铁山港
CN101301401, 防城港
CN101301402, 上思
CN101301403, 东兴
CN101301404, 港口
CN101301405, 防城
CN101310101, 海口
CN101310102, 秀英
CN101310103, 龙华
CN101310104, 琼山
CN101310105, 美兰
CN101310201, 三亚
CN101310202, 东方
CN101310203, 临高
CN101310204, 澄迈
CN101310205, 儋州
CN101310206, 昌江
CN101310207, 白沙
CN101310208, 琼中
CN101310209, 定安
CN101310210, 屯昌
CN101310211, 琼海
CN101310212, 文昌
CN101310213, 海棠
CN101310214, 保亭
CN101310215, 万宁
CN101310216, 陵水
CN101310218, 吉阳
CN101310219, 天涯
CN101310221, 乐东
CN101310222, 五指山
CN101310223, 崖州
CN101310301, 三沙
CN101310302, 西沙
CN101310303, 中沙
CN101310304, 南沙
CN101320101, 香港
CN101320102, 九龙
CN101320103, 新界
CN101330101, 澳门
CN101330102, 胱械
CN101330103, 路环岛
CN101340101, 台北
CN101340102, 桃园
CN101340103, 新竹
CN101340104, 宜兰
CN101340201, 高雄
CN101340202, 嘉义
CN101340203, 台南
CN101340204, 台东
CN101340205, 屏东
CN101340401, 台中
CN101340402, 苗栗
CN101340403, 彰化
CN101340404, 南投
CN101340405, 花莲
CN101340406, 云林
